{"cameraMode":{"drawMode":0,"name":"Shaded","section":"Shading Mode"},"sceneLighting":true,"audioPlay":false,"sceneViewState":{"showFog":true,"showMaterialUpdate":true,"showSkybox":true,"showFlares":true,"showImageEffects":true,"showParticleSystems":true},"in2DMode":false,"pivot":{"x":3.435145854949951,"y":6.796669960021973,"z":-14.239272117614746},"rotation":{"x":-0.2638458013534546,"y":0.044722966849803928,"z":-0.012829085811972618,"w":-0.9636005163192749},"size":3.169557571411133,"orthographic":false}