{"cameraMode":{"drawMode":0,"name":"Shaded","section":"Shading Mode"},"sceneLighting":true,"audioPlay":false,"sceneViewState":{"showFog":true,"showMaterialUpdate":true,"showSkybox":true,"showFlares":true,"showImageEffects":true,"showParticleSystems":true},"in2DMode":false,"pivot":{"x":-1.8004597425460816,"y":7.677825927734375,"z":-14.41395378112793},"rotation":{"x":-0.11547506600618363,"y":-0.04025616496801376,"z":0.004115700256079435,"w":-0.992639422416687},"size":3.169557571411133,"orthographic":false}